<?xml version="1.0" encoding="UTF-8"?>
<project-private xmlns="http://www.netbeans.org/ns/project-private/1">
    <editor-bookmarks xmlns="http://www.netbeans.org/ns/editor-bookmarks/2" lastBookmarkId="0"/>
    <open-files xmlns="http://www.netbeans.org/ns/projectui-open-files/2">
        <group>
            <file>file:/D:/CQU/Third%20sem/COIT20257%20Distributed%20Systems%20Principles%20and%20Development/ass2final/COIT257Assgnment2/COIT257Assgnment2/src/Peer2/ReceptionService.java</file>
            <file>file:/D:/CQU/Third%20sem/COIT20257%20Distributed%20Systems%20Principles%20and%20Development/ass2final/COIT257Assgnment2/COIT257Assgnment2/src/Peer3/FileGetter.java</file>
            <file>file:/D:/CQU/Third%20sem/COIT20257%20Distributed%20Systems%20Principles%20and%20Development/ass2final/COIT257Assgnment2/COIT257Assgnment2/src/Peer2/PPP2.java</file>
            <file>file:/D:/CQU/Third%20sem/COIT20257%20Distributed%20Systems%20Principles%20and%20Development/ass2final/COIT257Assgnment2/COIT257Assgnment2/src/Peer3/ReplyService.java</file>
            <file>file:/D:/CQU/Third%20sem/COIT20257%20Distributed%20Systems%20Principles%20and%20Development/ass2final/COIT257Assgnment2/COIT257Assgnment2/src/Peer2/ReceiveService.java</file>
            <file>file:/D:/CQU/Third%20sem/COIT20257%20Distributed%20Systems%20Principles%20and%20Development/ass2final/COIT257Assgnment2/COIT257Assgnment2/src/Peer1/CastService.java</file>
            <file>file:/D:/CQU/Third%20sem/COIT20257%20Distributed%20Systems%20Principles%20and%20Development/ass2final/COIT257Assgnment2/COIT257Assgnment2/src/Peer2/ReplyService.java</file>
            <file>file:/D:/CQU/Third%20sem/COIT20257%20Distributed%20Systems%20Principles%20and%20Development/ass2final/COIT257Assgnment2/COIT257Assgnment2/src/Peer1/ReceiveService.java</file>
            <file>file:/D:/CQU/Third%20sem/COIT20257%20Distributed%20Systems%20Principles%20and%20Development/ass2final/COIT257Assgnment2/COIT257Assgnment2/src/Peer1/PPP1.java</file>
            <file>file:/D:/CQU/Third%20sem/COIT20257%20Distributed%20Systems%20Principles%20and%20Development/ass2final/COIT257Assgnment2/COIT257Assgnment2/src/Peer1/ReceptionService.java</file>
            <file>file:/D:/CQU/Third%20sem/COIT20257%20Distributed%20Systems%20Principles%20and%20Development/ass2final/COIT257Assgnment2/COIT257Assgnment2/src/Peer1/ReplyService.java</file>
            <file>file:/D:/CQU/Third%20sem/COIT20257%20Distributed%20Systems%20Principles%20and%20Development/ass2final/COIT257Assgnment2/COIT257Assgnment2/src/Peer3/ReceptionService.java</file>
            <file>file:/D:/CQU/Third%20sem/COIT20257%20Distributed%20Systems%20Principles%20and%20Development/ass2final/COIT257Assgnment2/COIT257Assgnment2/src/Peer3/CastService.java</file>
            <file>file:/D:/CQU/Third%20sem/COIT20257%20Distributed%20Systems%20Principles%20and%20Development/ass2final/COIT257Assgnment2/COIT257Assgnment2/src/Peer2/FileGetter.java</file>
            <file>file:/D:/CQU/Third%20sem/COIT20257%20Distributed%20Systems%20Principles%20and%20Development/ass2final/COIT257Assgnment2/COIT257Assgnment2/src/Peer3/PPP3.java</file>
            <file>file:/D:/CQU/Third%20sem/COIT20257%20Distributed%20Systems%20Principles%20and%20Development/ass2final/COIT257Assgnment2/COIT257Assgnment2/src/Peer2/CastService.java</file>
            <file>file:/D:/CQU/Third%20sem/COIT20257%20Distributed%20Systems%20Principles%20and%20Development/ass2final/COIT257Assgnment2/COIT257Assgnment2/src/Peer3/ReceiveService.java</file>
        </group>
    </open-files>
</project-private>
