{
  "prepare_queue": {
    "installed": [],
    "uninstalled": []
  },
  "config_munge": {
    "files": {
      "config.xml": {
        "parents": {
          "/*": [
            {
              "xml": "<feature name=\"Device\"><param name=\"browser-package\" value=\"Device\" /></feature>",
              "count": 1
            }
          ]
        }
      }
    }
  },
  "installed_plugins": {
    "cordova-plugin-device": {
      "PACKAGE_NAME": "com.example.dronelogs"
    },
    "cordova-plugin-geolocation": {
      "PACKAGE_NAME": "com.example.dronelogs"
    },
    "cordova-plugin-whitelist": {
      "PACKAGE_NAME": "com.example.dronelogs"
    }
  },
  "dependent_plugins": {},
  "modules": [
    {
      "file": "plugins/cordova-plugin-device/www/device.js",
      "id": "cordova-plugin-device.device",
      "pluginId": "cordova-plugin-device",
      "clobbers": [
        "device"
      ]
    },
    {
      "file": "plugins/cordova-plugin-device/src/browser/DeviceProxy.js",
      "id": "cordova-plugin-device.DeviceProxy",
      "pluginId": "cordova-plugin-device",
      "runs": true
    }
  ],
  "plugin_metadata": {
    "cordova-plugin-device": "2.0.3",
    "cordova-plugin-geolocation": "4.0.2",
    "cordova-plugin-whitelist": "1.3.4"
  }
}
