<?xml version="1.0" encoding="UTF-8"?>
<project-private xmlns="http://www.netbeans.org/ns/project-private/1">
    <editor-bookmarks xmlns="http://www.netbeans.org/ns/editor-bookmarks/2" lastBookmarkId="0"/>
    <open-files xmlns="http://www.netbeans.org/ns/projectui-open-files/2">
        <group>
            <file>file:/Volumes/Backup/Education/MIT/Third/COIT20257_DS/Ass/1/COIT20257Assignment1/src/Client/FXMLDocumentController.java</file>
            <file>file:/Volumes/Backup/Education/MIT/Third/COIT20257_DS/Ass/1/COIT20257Assignment1/src/Client/GUI.java</file>
            <file>file:/Volumes/Backup/Education/MIT/Third/COIT20257_DS/Ass/1/COIT20257Assignment1/src/Server/FileGetter.java</file>
            <file>file:/Volumes/Backup/Education/MIT/Third/COIT20257_DS/Ass/1/COIT20257Assignment1/src/Client/Client.java</file>
            <file>file:/Volumes/Backup/Education/MIT/Third/COIT20257_DS/Ass/1/COIT20257Assignment1/nbproject/build-impl.xml</file>
            <file>file:/Volumes/Backup/Education/MIT/Third/COIT20257_DS/Ass/1/COIT20257Assignment1/src/Client/Contract/calculatePrime.java</file>
            <file>file:/Volumes/Backup/Education/MIT/Third/COIT20257_DS/Ass/1/COIT20257Assignment1/src/Client/FXMLDocument.fxml</file>
            <file>file:/Volumes/Backup/Education/MIT/Third/COIT20257_DS/Ass/1/COIT20257Assignment1/src/Contract/CSMessage.java</file>
            <file>file:/Volumes/Backup/Education/MIT/Third/COIT20257_DS/Ass/1/COIT20257Assignment1/src/Client/Contract/calculatePi.java</file>
            <file>file:/Volumes/Backup/Education/MIT/Third/COIT20257_DS/Ass/1/COIT20257Assignment1/src/Server/Connection.java</file>
            <file>file:/Volumes/Backup/Education/MIT/Third/COIT20257_DS/Ass/1/COIT20257Assignment1/src/Server/Server.java</file>
            <file>file:/Volumes/Backup/Education/MIT/Third/COIT20257_DS/Ass/1/COIT20257Assignment1/src/Client/Contract/calculateGCD.java</file>
            <file>file:/Volumes/Backup/Education/MIT/Third/COIT20257_DS/Ass/1/COIT20257Assignment1/src/Contract/Task.java</file>
        </group>
    </open-files>
</project-private>
